
Logging session 00 - user LS
minimize,blob touch,11:27:23
drag,gesture h:-244 v:40,11:27:29
resize,gesture 1.12696,11:27:29
minimize,off edge,11:27:31
drag,gesture h:342 v:-413,11:27:32
maximize,size enlarge,11:27:35
rotate,maximized,11:27:35
rotate,maximized,11:27:35
rotate,maximized,11:27:35
rotate,maximized,11:27:35
rotate,maximized,11:27:35
rotate,maximized,11:27:35
rotate,maximized,11:27:35
rotate,maximized,11:27:35
rotate,maximized,11:27:35
rotate,maximized,11:27:35
rotate,maximized,11:27:35
rotate,maximized,11:27:35
rotate,maximized,11:27:35
rotate,maximized,11:27:35

Logging session 00 - user LS
drag,gesture h:34 v:-154,11:28:06
resize,gesture 1.99726,11:28:06
minimize,double tap,11:28:07
maximize,size enlarge,11:28:09
rotate,maximized,11:28:09
rotate,maximized,11:28:09
rotate,maximized,11:28:09
rotate,maximized,11:28:09
drag,gesture h:109 v:-295,11:28:09
rotate,gesture r:5,11:28:09
resize,gesture 1.06187,11:28:09
rotate,maximized,11:28:11
rotate,maximized,11:28:12
rotate,maximized,11:28:13
rotate,maximized,11:28:15
drag,gesture h:26 v:175,11:28:17
resize,gesture 0.60358,11:28:17
drag,gesture h:70 v:27,11:28:19
drag,gesture h:66 v:-212,11:28:20
rotate,gesture r:4,11:28:20
minimize,double tap,11:28:21
exit,minimized button,11:28:22

Logging session 00 - user LS
resize,gesture 1.76553,11:33:03
resize,gesture 1.21165,11:33:09
drag,gesture h:-5 v:51,11:33:13
resize,gesture 0.96922,11:33:13
resize,gesture 0.96810,11:33:22
exit,press and hold,11:34:33
exit,press and hold,11:34:39
exit,press and hold,11:34:39
resize,gesture 0.98283,11:34:41
resize,gesture 1.35059,11:36:53

Logging session 00 - user LS
maximize,size enlarge,11:42:27

Logging session 00 - user LS
drag,gesture h:42 v:-223,11:43:01
resize,gesture 2.12823,11:43:01
maximize,size enlarge,11:43:02
drag,gesture h:-30 v:257,11:43:02
rotate,gesture r:3,11:43:02
resize,gesture 0.93974,11:43:02
rotate,maximized,11:43:14
rotate,maximized,11:43:19
rotate,maximized,11:43:21
rotate,maximized,11:43:23
rotate,maximized,11:43:26
rotate,maximized,11:46:15
exit,press and hold,11:46:18
drag,gesture h:-61 v:136,11:46:20
rotate,gesture r:20,11:46:20

Logging session 00 - user LS
minimize,blob touch,12:03:35
drag,gesture h:65 v:-267,12:03:40
resize,gesture 2.25387,12:03:40
maximize,size enlarge,12:03:41
drag,gesture h:-75 v:165,12:03:41
resize,gesture 0.88735,12:03:41
minimize,blob touch,12:03:47
drag,gesture h:296 v:373,12:03:54
minimize,off edge,12:03:55
drag,gesture h:61 v:-0,12:03:55
resize,gesture 1.34635,12:03:55
minimize,off edge,12:03:55
drag,gesture h:-367 v:33,12:03:58
maximize,size enlarge,12:03:58
rotate,maximized,12:03:58
rotate,maximized,12:03:58
rotate,maximized,12:03:58
rotate,maximized,12:03:58
rotate,maximized,12:03:58
rotate,maximized,12:03:58
rotate,maximized,12:03:58
rotate,maximized,12:03:58
rotate,maximized,12:03:58
rotate,maximized,12:03:58
rotate,maximized,12:03:58
resize,gesture 1.97684,12:03:58
rotate,maximized,12:04:06
rotate,maximized,12:04:08
rotate,maximized,12:04:13
rotate,maximized,12:04:19
rotate,maximized,12:04:20

Logging session 00 - user LS
drag,gesture h:43 v:69,12:11:13
resize,gesture 1.18768,12:11:13
maximize,size enlarge,12:11:50
rotate,gesture r:7,12:11:50
resize,gesture 1.68395,12:11:50
rotate,maximized,12:12:51
rotate,maximized,12:12:57
rotate,maximized,12:13:00
rotate,maximized,12:13:02
rotate,gesture r:26,12:14:00
resize,gesture 1.01351,12:14:00
drag,gesture h:-49 v:104,12:14:23
rotate,gesture r:7,12:14:23
minimize,double tap,12:14:23
exit,minimized button,12:14:24
drag,gesture h:106 v:22,12:14:56
rotate,gesture r:24,12:14:56
resize,gesture 1.11359,12:14:56
resize,gesture 0.79795,12:14:59
minimize,double tap,12:15:25
rotate,gesture r:9,12:15:30
resize,gesture 1.41987,12:15:37
minimize,blob touch,12:15:39
rotate,gesture r:21,12:15:46
drag,gesture h:8 v:158,12:17:27
resize,gesture 1.35839,12:17:27
minimize,double tap,12:20:30
exit,minimized button,12:20:31
exit,minimized button,12:20:35

Logging session 00 - user LS
rotate,gesture r:6,14:19:10
resize,gesture 1.44716,14:19:10
maximize,size enlarge,14:20:05
rotate,maximized,14:20:05
resize,gesture 1.44736,14:20:05
rotate,maximized,14:20:09
rotate,maximized,14:20:11
rotate,maximized,14:20:11
rotate,maximized,14:20:11
rotate,maximized,14:20:11
rotate,maximized,14:20:11
rotate,maximized,14:20:11
rotate,maximized,14:20:11
rotate,maximized,14:20:11
rotate,maximized,14:20:11
rotate,maximized,14:20:11
rotate,maximized,14:20:11
rotate,maximized,14:20:11
rotate,maximized,14:20:11
rotate,maximized,14:20:11
rotate,maximized,14:20:11
rotate,maximized,14:20:11
rotate,maximized,14:20:11
rotate,maximized,14:20:11
rotate,maximized,14:20:11
rotate,maximized,14:20:11
rotate,maximized,14:20:11
rotate,maximized,14:20:11
rotate,maximized,14:20:11
rotate,maximized,14:20:12
rotate,maximized,14:20:12
rotate,maximized,14:20:12
rotate,maximized,14:20:12
rotate,maximized,14:20:12
rotate,maximized,14:20:12
rotate,maximized,14:20:12
rotate,maximized,14:20:30

Logging session 00 - user LS
minimize,blob touch,14:47:51
minimize,blob touch,14:47:53
drag,gesture h:205 v:-43,14:48:01
rotate,gesture r:4,14:48:01
resize,gesture 0.97604,14:48:01
rotate,gesture r:4,14:48:38
resize,gesture 2.28975,14:48:38
drag,gesture h:-66 v:182,14:48:39
resize,gesture 0.67265,14:48:39
drag,gesture h:42 v:89,14:48:42
minimize,double tap,14:49:11
exit,minimized button,14:49:13
minimize,double tap,14:49:28
exit,minimized button,14:49:29
resize,gesture 1.55239,14:50:58
drag,gesture h:9 v:70,14:51:21
rotate,gesture r:8,14:54:26
minimize,off edge,14:54:38
exit,minimized button,14:54:42
minimize,blob touch,15:02:05
exit,minimized button,15:02:06
minimize,double tap,15:02:31
exit,minimized button,15:02:32

Logging session 00 - user LS
minimize,double tap,15:07:02
exit,minimized button,15:07:03
minimize,double tap,15:07:12
exit,minimized button,15:07:13
minimize,double tap,15:07:24
exit,minimized button,15:07:25

Logging session 00 - user LS
drag,gesture h:50 v:-113,15:23:16
rotate,gesture r:10,15:23:22
resize,gesture 1.42895,15:23:22
minimize,double tap,15:24:53
exit,minimized button,15:24:54

Logging session 00 - user LS
drag,gesture h:71 v:-215,15:33:09
rotate,gesture r:6,15:33:09
resize,gesture 2.19276,15:33:09
maximize,size enlarge,15:33:10
drag,gesture h:-11 v:154,15:33:10
resize,gesture 0.91209,15:33:10

Logging session 00 - user LS
maximize,size enlarge,15:34:07
drag,gesture h:143 v:-117,15:34:07
resize,gesture 2.17028,15:34:07
resize,gesture 0.46076,15:34:08
maximize,size enlarge,15:34:10

Logging session 00 - user LS
resize,gesture 2.26417,15:34:27
maximize,size enlarge,15:34:28
drag,gesture h:190 v:185,15:34:28
resize,gesture 0.88332,15:34:28
maximize,size enlarge,15:34:32

Logging session 00 - user LS
maximize,size enlarge,15:34:57
resize,gesture 2.09518,15:34:57
resize,gesture 0.47728,15:34:58
maximize,size enlarge,15:35:00

Logging session 00 - user LS
maximize,size enlarge,15:36:32
drag,gesture h:121 v:-74,15:36:32
resize,gesture 2.23506,15:36:32
resize,gesture 0.44741,15:36:35
maximize,size enlarge,15:36:39

Logging session 00 - user LS
maximize,size enlarge,15:38:03

Logging session 00 - user LS
drag,gesture h:40 v:26,15:40:30
rotate,gesture r:10,15:40:31
drag,gesture h:55 v:-63,15:40:36
rotate,gesture r:6,15:40:36
resize,gesture 1.38225,15:40:36
maximize,size enlarge,15:40:58
resize,gesture 1.52463,15:40:58
resize,gesture 0.47451,15:41:02
drag,gesture h:210 v:-54,15:41:08
drag,gesture h:-283 v:55,15:41:09
maximize,size enlarge,15:41:11
rotate,maximized,15:41:11
rotate,maximized,15:41:11
drag,gesture h:29 v:35,15:41:11
resize,gesture 2.66153,15:41:11
rotate,maximized,15:41:14

Logging session 00 - user LS
drag,gesture h:78 v:-258,15:45:23
resize,gesture 2.177,15:45:23
maximize,size enlarge,15:45:24
drag,gesture h:-131 v:214,15:45:24
rotate,gesture r:8,15:45:24
resize,gesture 0.918,15:45:24
resize,gesture 0.5,15:45:26
drag,gesture h:108 v:-21,15:45:27
maximize,size enlarge,15:45:28
rotate,maximized,15:45:28
rotate,maximized,15:45:28
rotate,maximized,15:45:28
rotate,maximized,15:45:28
rotate,maximized,15:45:28
rotate,maximized,15:45:28
rotate,maximized,15:45:28
drag,gesture h:-137 v:47,15:45:28
resize,gesture 2.661,15:45:28
rotate,maximized,15:45:29
rotate,maximized,15:45:29
rotate,maximized,15:45:29
rotate,maximized,15:45:29
rotate,maximized,15:45:29
rotate,maximized,15:45:29
rotate,maximized,15:45:29
rotate,maximized,15:45:29
rotate,maximized,15:45:29
rotate,maximized,15:45:31
rotate,maximized,15:45:31
rotate,maximized,15:45:32
rotate,maximized,15:45:32
rotate,maximized,15:45:32
resize,gesture 0.375,15:45:32
minimize,off edge,15:45:33
rotate,gesture r:105,15:45:34
exit,off corner,15:45:36
minimize,off edge,15:45:36
drag,gesture h:1127 v:-300,15:45:37
minimize,off edge,15:45:41
drag,gesture h:160 v:567,15:45:42
rotate,gesture r:100,15:45:46
resize,gesture 0.894,15:45:46
rotate,gesture r:175,15:45:48
resize,gesture 1.383,15:45:48
drag,gesture h:113 v:13,15:45:49
resize,gesture 1.360,15:45:49
drag,gesture h:30 v:9,15:45:50
maximize,size enlarge,15:45:50
drag,gesture h:49 v:123,15:45:50
resize,gesture 1.187,15:45:50
rotate,maximized,15:45:51
rotate,maximized,15:45:52
rotate,maximized,15:45:52
rotate,maximized,15:45:52
rotate,maximized,15:45:52
rotate,maximized,15:45:52
rotate,maximized,15:45:52
rotate,maximized,15:45:52
rotate,maximized,15:45:52
rotate,maximized,15:45:52
rotate,maximized,15:45:52
rotate,maximized,15:45:52
resize,gesture 0.375,15:45:52
drag,gesture h:28 v:55,15:45:54
rotate,gesture r:12,15:45:54
resize,gesture 0.724,15:45:54
drag,gesture h:153 v:-133,15:45:55
rotate,gesture r:164,15:45:55
resize,gesture 0.897,15:45:55
rotate,gesture r:176,15:45:57
resize,gesture 1.024,15:45:57
drag,gesture h:-185 v:89,15:45:58
rotate,gesture r:8,15:45:58
resize,gesture 2.494,15:45:58
drag,gesture h:126 v:13,15:46:00
resize,gesture 1.281,15:46:00
maximize,size enlarge,15:46:01
rotate,maximized,15:46:01
rotate,maximized,15:46:01
rotate,maximized,15:46:01
rotate,maximized,15:46:01
rotate,maximized,15:46:01
rotate,maximized,15:46:01
rotate,maximized,15:46:01
rotate,maximized,15:46:01
rotate,maximized,15:46:01
rotate,maximized,15:46:01
rotate,maximized,15:46:01
rotate,maximized,15:46:01
rotate,maximized,15:46:01
rotate,maximized,15:46:01
rotate,maximized,15:46:01
rotate,maximized,15:46:01
resize,gesture 1.249,15:46:01
rotate,maximized,15:46:02
drag,gesture h:5 v:157,15:46:04
resize,gesture 0.510,15:46:04
drag,gesture h:22 v:78,15:46:31
rotate,gesture r:9,15:46:31
resize,gesture 0.253,15:46:31
minimize,size reduce,15:46:31
resize,gesture 2.090,15:46:35
resize,gesture 0.797,15:46:37
minimize,double tap,15:46:38
exit,minimized button,15:46:39
drag,gesture h:69 v:-107,15:47:55
resize,gesture 1.664,15:47:55
drag,gesture h:-1 v:56,15:47:57
resize,gesture 0.956,15:47:57
drag,gesture h:-0 v:51,15:47:58
resize,gesture 1.008,15:47:58
minimize,blob touch,15:48:46
maximize,size enlarge,15:51:11
drag,gesture h:112 v:-98,15:51:11
resize,gesture 1.328,15:51:11
rotate,maximized,15:51:13
rotate,maximized,15:51:14
rotate,maximized,15:51:18
rotate,maximized,15:51:20
resize,gesture 0.5,15:51:26
resize,gesture 1.541,15:51:28
resize,gesture 1.210,15:51:29
maximize,size enlarge,15:51:31
rotate,maximized,15:51:31
drag,gesture h:41 v:48,15:51:31
resize,gesture 1.082,15:51:31
minimize,blob touch,15:51:35
drag,gesture h:176 v:-102,15:51:41
resize,gesture 0.494,15:51:57
drag,gesture h:348 v:374,15:52:00
minimize,off edge,15:52:06
minimize,off edge,15:52:06
drag,gesture h:359 v:-532,15:52:07
rotate,gesture r:8,15:52:07
resize,gesture 0.900,15:52:07
exit,minimized button,15:52:08

Logging session 00 - user LS
minimize,off edge,09:42:52
drag,gesture h:313 v:-407,09:42:53
exit,minimized button,09:42:55
drag,gesture h:-13 v:88,09:43:00
rotate,gesture r:72,09:43:00
maximize,size enlarge,09:43:01
drag,gesture h:76 v:2,09:43:01
rotate,gesture r:11,09:43:01
resize,gesture 2,09:43:01
rotate,maximized,09:43:03
rotate,maximized,09:43:06
rotate,maximized,09:43:07
rotate,maximized,09:43:08
rotate,gesture r:18,09:44:03
drag,gesture h:50 v:26,09:44:05
minimize,off edge,09:44:10
drag,gesture h:485 v:-366,09:44:10
resize,gesture 1.140,09:44:10
drag,gesture h:-149 v:95,09:44:13
rotate,gesture r:60,09:44:13
minimize,off edge,09:44:14
rotate,gesture r:33,09:44:14
drag,gesture h:64 v:0,09:44:17
exit,off corner,09:44:20
minimize,off edge,09:44:20
resize,gesture 0.856,09:44:20

Logging session 00 - user LS
maximize,size enlarge,09:51:32
drag,gesture h:93 v:-110,09:51:33
resize,gesture 2.037,09:51:33
rotate,maximized,09:51:34
rotate,maximized,09:51:35
rotate,maximized,09:51:35
rotate,maximized,09:51:35
rotate,maximized,09:51:35
resize,gesture 0.375,09:51:35
drag,gesture h:246 v:104,09:51:36
resize,gesture 1.024,09:51:39
minimize,off edge,09:51:40
exit,minimized button,09:51:41

Logging session 00 - user AA - 2/6/2012 4:32:54 PM
2/6/2012 4:32:54 PM,drag,gesture h:91 v:35

Logging session 00 - user AA - 2/6/2012 4:35:02 PM
40945.6910065972,minimize,off edge,00
40945.6910116898,rotate,gesture r:66,00
40945.6910116898,resize,gesture 1.097,00
40945.6910484722,drag,gesture h:91 v:-134,00
40945.691056088,drag,gesture h:-39 v:114,00
40945.6910560995,resize,gesture 0.485,00
40945.6910642245,minimize,size reduce,00
40945.6910642245,drag,gesture h:-14 v:37,00
40945.6910642245,resize,gesture 1.125,00
40945.6910642245,minimize,size reduce,00
40945.691076088,exit,minimized button,00

Logging session 00 - user LS - 2/7/2012 9:08:40 AM
40946.3810221412,rotate,gesture r:16,00
40946.3810221412,resize,gesture 1.271,00
40946.3810528009,resize,gesture 1.123,00
40946.3811654977,rotate,gesture r:4,00
40946.3816522917,minimize,double tap,00
40946.3816624884,exit,minimized button,00
40946.3823933796,drag,gesture h:45 v:-11,00
40946.3823933796,resize,gesture 1.431,00
40946.3835781597,drag,gesture h:-118 v:63,00
40946.3835781597,resize,gesture 0.851,00
40946.3836407523,resize,gesture 0.986,00

Logging session 00 - user LS - 2/7/2012 9:19:54 AM
40946.3888271644,drag,gesture h:34 v:-74,00
40946.3888271644,resize,gesture 1.418,00
40946.3890397454,resize,gesture 1.603,00
40946.3890484259,maximize,size enlarge,00
40946.3890502083,rotate,maximized,00
40946.3890509028,drag,gesture h:-83 v:149,00
40946.3890509144,resize,gesture 0.921,00
40946.3912062037,rotate,maximized,00
40946.391245625,rotate,maximized,00
40946.3912620833,resize,gesture 0.5,00
40946.3912945486,minimize,double tap,00
40946.3913056944,exit,minimized button,00

Logging session 00 - user LS - 2/7/2012 10:56:17 AM
40946.4557557292,drag,gesture h:38 v:-208,00
40946.4557796296,resize,gesture 1.538,00
40946.4562193634,resize,gesture 1.074,00
40946.456673206,maximize,size enlarge,00
40946.4566806018,resize,gesture 1.230,00
40946.4577043866,rotate,gesture r:85,00
40946.4577239468,minimize,off edge,00
40946.4578015393,exit,minimized button,00

Logging session 00 - user test - 2/13/2012 10:43:00 AM
40952.4465298843,drag,gesture h:198 v:-94,00
40952.4465298843,rotate,gesture r:16,00
40952.4465298843,resize,gesture 1.404,00
40952.4465470486,drag,gesture h:63 v:33,00
40952.446607037,maximize,size enlarge,00
40952.4466077199,rotate,maximized,00
40952.4466086227,rotate,maximized,00
40952.4466143287,resize,gesture 1.496,00
40952.4466244676,resize,gesture 0.475,00
40952.4466727546,drag,gesture h:348 v:61,00
40952.4466999768,drag,gesture h:-333 v:57,00
40952.4467157639,drag,gesture h:-159 v:153,00
40952.4467157639,rotate,gesture r:79,00
40952.4467285301,drag,gesture h:144 v:-208,00
40952.4467285301,rotate,gesture r:59,00
40952.4467745139,drag,gesture h:98 v:15,00
40952.4470187847,rotate,gesture r:5,00
40952.447025625,minimize,double tap,00
40952.4472279282,exit,minimized button,00
40952.4472862616,exit,minimized button,00

Logging session 00 - user test - 2/13/2012 11:06:38 AM
40952.4629405093,drag,gesture h:110 v:18,00
40952.4629405093,resize,gesture 1.339,00
40952.463397581,resize,gesture 1.025,00
40952.4634206944,rotate,gesture r:3,00
40952.4634206944,resize,gesture 0.972,00
40952.4636063889,minimize,double tap,00
40952.4637087384,rotate,gesture r:6,00
40952.4637334375,drag,gesture h:8 v:54,00
40952.4637334375,resize,gesture 0.911,00
40952.4640040394,drag,gesture h:42 v:17,00
40952.4640040394,rotate,gesture r:13,00
40952.4640040394,resize,gesture 1.085,00
40952.4641273495,exit,press and hold,00
40952.4642003009,drag,gesture h:59 v:-0,00
40952.4642003009,resize,gesture 0.978,00
40952.4653673727,drag,gesture h:41 v:-35,00
40952.4653817245,drag,gesture h:-0 v:43,00
40952.4653817245,resize,gesture 0.849,00
40952.4655067824,drag,gesture h:-66 v:47,00
40952.4655906713,drag,gesture h:-1 v:41,00
40952.4655906713,resize,gesture 0.884,00
40952.4656665046,resize,gesture 1.038,00
40952.4661023843,drag,gesture h:167 v:2,00
40952.4661023843,rotate,gesture r:6,00
40952.4661023843,resize,gesture 0.750,00
40952.4661227315,resize,gesture 1.278,00
40952.4665213773,exit,press and hold,00
40952.4685510069,drag,gesture h:144 v:-12,00
40952.4686135532,drag,gesture h:145 v:-46,00
40952.4686135532,rotate,gesture r:23,00
40952.4686135532,resize,gesture 0.946,00
40952.4686766898,rotate,gesture r:6,00
40952.4686766898,resize,gesture 1.021,00
40952.4688325694,drag,gesture h:64 v:70,00
40952.4688325694,rotate,gesture r:81,00
40952.4688325694,resize,gesture 1.033,00
40952.4688714236,drag,gesture h:63 v:1,00
40952.4688714236,rotate,gesture r:9,00
40952.4688714236,resize,gesture 0.973,00
40952.4689223264,resize,gesture 1.082,00
40952.4691059028,drag,gesture h:138 v:-2,00
40952.4691059028,rotate,gesture r:28,00
40952.4691059028,resize,gesture 1.010,00
40952.4692192593,rotate,gesture r:4,00
40952.4692192708,resize,gesture 1.578,00
40952.4692656366,drag,gesture h:21 v:32,00
40952.4692656366,resize,gesture 0.290,00
40952.4693198148,exit,press and hold,00
40952.4693387384,resize,gesture 2.957,00
40952.4693599421,drag,gesture h:67 v:100,00
40952.4693910185,drag,gesture h:32 v:174,00
40952.4693910301,resize,gesture 0.480,00
40952.4694792245,resize,gesture 1.388,00
40952.4695406481,minimize,double tap,00
40952.4696172685,drag,gesture h:11 v:51,00
40952.4697374769,minimize,blob touch,00
40952.4699669907,minimize,size reduce,00
40952.4699670023,resize,gesture 0.622,00
40952.4699670023,minimize,size reduce,00
40952.4701079977,minimize,off edge,00
40952.4701079977,resize,gesture 0.861,00
40952.4701079977,minimize,off edge,00
40952.4702586227,drag,gesture h:178 v:-7,00
40952.4702586343,resize,gesture 1.311,00
40952.4703601968,drag,gesture h:334 v:-68,00
40952.4703601968,rotate,gesture r:76,00
40952.4703601968,resize,gesture 1.076,00
40952.4706347685,resize,gesture 0.983,00
40952.4706347685,minimize,double tap,00
40952.4707098958,resize,gesture 0.886,00
40952.4708666319,resize,gesture 1.126,00
40952.4709529167,drag,gesture h:212 v:-10,00
40952.4709529167,rotate,gesture r:4,00
40952.4709529167,resize,gesture 0.955,00
40952.4710884144,exit,press and hold,00
40952.4710884144,exit,press and hold,00
40952.4710887847,exit,press and hold,00
40952.4711092477,resize,gesture 0.968,00
40952.4714508218,drag,gesture h:-491 v:204,00
40952.4714508218,resize,gesture 0.999,00
40952.4714751736,minimize,off edge,00
40952.4714751852,drag,gesture h:27 v:185,00
40952.4714751852,resize,gesture 0.920,00
40952.4714751852,minimize,off edge,00
40952.471545162,drag,gesture h:44 v:60,00
40952.471545162,rotate,gesture r:60,00
40952.471545162,minimize,off edge,00
40952.4716189815,drag,gesture h:207 v:-109,00
40952.4717022222,drag,gesture h:-142 v:133,00
40952.4717022222,rotate,gesture r:113,00
40952.4720227778,drag,gesture h:-59 v:52,00
40952.4720227778,resize,gesture 1.534,00
40952.4721170023,exit,off corner,00
40952.4721170023,minimize,off edge,00
40952.4721170139,resize,gesture 0.854,00
40952.4721170139,exit,off corner,00
40952.4721170139,minimize,off edge,00
40952.4723953125,exit,minimized button,00
40952.4726098495,drag,gesture h:-51 v:93,00
40952.4726098495,rotate,gesture r:74,00
40952.4726174769,drag,gesture h:72 v:-140,00
40952.4726306944,drag,gesture h:19 v:46,00
40952.4728440278,resize,gesture 1.454,00
40952.4730043634,exit,press and hold,00
40952.4730433102,drag,gesture h:-57 v:68,00
40952.4730433102,resize,gesture 0.794,00
40952.4733784722,drag,gesture h:348 v:-61,00
40952.4733784722,rotate,gesture r:9,00
40952.4733784722,resize,gesture 1.281,00
40952.4738127546,drag,gesture h:74 v:3,00
40952.4738127546,resize,gesture 1.104,00
40952.4746438426,drag,gesture h:125 v:52,00
40952.4746622222,drag,gesture h:97 v:-49,00
40952.4746622222,rotate,gesture r:29,00
40952.4746622222,resize,gesture 1.024,00
40952.4748002546,drag,gesture h:62 v:-28,00
40952.4748002546,resize,gesture 1.381,00
40952.4748242477,rotate,gesture r:4,00
40952.4748242477,resize,gesture 1.027,00
40952.4756003125,minimize,double tap,00
40952.4756151852,exit,minimized button,00
40952.4763947338,minimize,double tap,00
40952.4765582292,rotate,gesture r:10,00
40952.4765582292,resize,gesture 1.354,00
40952.4770939236,minimize,double tap,00
40952.4771045602,exit,minimized button,00
40952.4772960185,minimize,double tap,00
40952.4773063079,exit,minimized button,00
40952.4779578125,drag,gesture h:82 v:-229,00
40952.4781067593,drag,gesture h:261 v:-47,00
40952.4781067593,resize,gesture 1.398,00
40952.4781726389,drag,gesture h:52 v:7,00
40952.4781726389,resize,gesture 1.497,00
40952.4782067361,drag,gesture h:31 v:21,00
40952.4782067361,resize,gesture 0.984,00
40952.4782343866,drag,gesture h:27 v:33,00
40952.4782343866,resize,gesture 0.981,00
40952.4784593171,resize,gesture 0.992,00
40952.4784808102,resize,gesture 0.944,00
40952.4784808102,minimize,double tap,00
40952.4785154282,drag,gesture h:59 v:-308,00
40952.4785299653,rotate,gesture r:3,00
40952.4790898495,minimize,double tap,00
40952.479101331,exit,minimized button,00
40952.4799289352,minimize,double tap,00
40952.4799399074,exit,minimized button,00

Logging session 00 - user test - 2/13/2012 11:33:44 AM
40952.481761088,minimize,double tap,00
40952.4817750347,exit,minimized button,00
40952.4829269676,rotate,gesture r:8,00
40952.4829269676,resize,gesture 1.558,00
40952.4829400694,resize,gesture 1.040,00
40952.4832094792,rotate,gesture r:3,00
40952.4832094792,resize,gesture 0.957,00
40952.483885787,resize,gesture 1.325,00
40952.4842528241,drag,gesture h:148 v:76,00
40952.4842528241,resize,gesture 0.432,00
40952.4862848148,rotate,gesture r:5,00
40952.4862848148,resize,gesture 1.702,00
40952.4863147801,resize,gesture 1.051,00
40952.4863932407,resize,gesture 1.069,00
40952.4865596528,exit,press and hold,00
40952.4865597801,exit,press and hold,00
40952.4865908333,drag,gesture h:56 v:157,00
40952.4865908333,resize,gesture 0.567,00
40952.4867144676,resize,gesture 1.003,00
40952.4867911227,resize,gesture 1.561,00
40952.4868349074,exit,press and hold,00
40952.4868366667,exit,press and hold,00
40952.4868818056,drag,gesture h:-36 v:42,00
40952.4868818056,resize,gesture 0.939,00
40952.4869225463,drag,gesture h:55 v:-47,00
40952.4869225463,rotate,gesture r:12,00
40952.4870196528,rotate,gesture r:10,00
40952.4870196528,resize,gesture 1.032,00
40952.4870548495,exit,press and hold,00
40952.4872538657,resize,gesture 0.945,00
40952.4874219329,resize,gesture 1.216,00
40952.4888419676,minimize,double tap,00
40952.4888571875,exit,minimized button,00
40952.4891604514,drag,gesture h:368 v:-68,00
40952.4891604514,resize,gesture 1.775,00
40952.4892116898,drag,gesture h:20 v:35,00
40952.4892116898,resize,gesture 1.204,00
40952.4892343981,resize,gesture 0.968,00
40952.4894059144,maximize,size enlarge,00
40952.4894062384,rotate,maximized,00
40952.4894071412,rotate,maximized,00
40952.4894083218,rotate,maximized,00
40952.4894137963,rotate,maximized,00
40952.4894141435,resize,gesture 1.286,00
40952.4895618866,rotate,maximized,00
40952.4895631366,rotate,maximized,00
40952.4895642361,rotate,maximized,00
40952.4895643866,rotate,maximized,00
40952.4895649421,rotate,maximized,00
40952.4895651157,rotate,maximized,00
40952.4895654861,rotate,maximized,00
40952.4895656944,rotate,maximized,00
40952.4895660417,rotate,maximized,00
40952.4895662037,rotate,maximized,00
40952.4895663889,rotate,maximized,00
40952.4895666551,rotate,maximized,00
40952.4895669213,rotate,maximized,00
40952.4895674421,rotate,maximized,00
40952.4895680093,rotate,maximized,00
40952.4895694444,rotate,maximized,00
40952.489569838,rotate,maximized,00
40952.4895705787,rotate,maximized,00
40952.4895724884,rotate,maximized,00
40952.4895732407,rotate,maximized,00
40952.4895734144,rotate,maximized,00
40952.4895736111,rotate,maximized,00
40952.4895737963,rotate,maximized,00
40952.4895741667,rotate,maximized,00
40952.4895746991,rotate,maximized,00
40952.4895748611,rotate,maximized,00
40952.489575081,rotate,maximized,00
40952.4895752546,rotate,maximized,00
40952.4895754282,rotate,maximized,00
40952.4895756019,rotate,maximized,00
40952.4895757292,rotate,maximized,00
40952.4895759838,rotate,maximized,00
40952.4895761227,rotate,maximized,00
40952.4896043171,rotate,maximized,00
40952.4896046875,rotate,maximized,00
40952.4896048495,rotate,maximized,00
40952.4896050231,rotate,maximized,00
40952.4896051157,resize,gesture 0.375,00
40952.4898031597,exit,press and hold,00
40952.4898035301,exit,press and hold,00
40952.4899363194,resize,gesture 2.025,00
40952.4899517708,minimize,off edge,00
40952.489963044,drag,gesture h:-692 v:224,00
40952.489963044,rotate,gesture r:17,00
40952.4900101157,drag,gesture h:419 v:-164,00
40952.4900684838,drag,gesture h:78 v:27,00
40952.4900684838,resize,gesture 1.012,00
40952.4901520949,maximize,size enlarge,00
40952.4901530556,rotate,maximized,00
40952.4901540509,rotate,maximized,00
40952.4901547801,rotate,maximized,00
40952.4901552083,rotate,maximized,00
40952.4901559259,rotate,maximized,00
40952.4901562269,rotate,maximized,00
40952.4901571528,rotate,maximized,00
40952.4901595023,rotate,maximized,00
40952.4901606713,rotate,maximized,00
40952.4901614583,rotate,maximized,00
40952.4901618171,rotate,maximized,00
40952.4901620023,rotate,maximized,00
40952.4901624074,rotate,maximized,00
40952.4901629051,rotate,maximized,00
40952.490163287,rotate,maximized,00
40952.4901636458,rotate,maximized,00
40952.4901639815,rotate,maximized,00
40952.4901643171,rotate,maximized,00
40952.4901647222,rotate,maximized,00
40952.4901652778,rotate,maximized,00
40952.490165625,rotate,maximized,00
40952.4901660301,rotate,maximized,00
40952.4901661806,rotate,maximized,00
40952.4901663426,rotate,maximized,00
40952.4901665278,rotate,maximized,00
40952.4901667245,rotate,maximized,00
40952.490167037,rotate,maximized,00
40952.4901671991,rotate,maximized,00
40952.4901672338,rotate,maximized,00
40952.4901674537,rotate,maximized,00
40952.4901675926,rotate,maximized,00
40952.4901679398,resize,gesture 1.297,00
40952.4901688773,rotate,maximized,00
40952.4901690509,rotate,maximized,00
40952.4901692245,rotate,maximized,00
40952.4901697454,rotate,maximized,00
40952.4901699421,rotate,maximized,00
40952.4901701273,rotate,maximized,00
40952.4901705093,rotate,maximized,00
40952.4901706829,rotate,maximized,00
40952.4901711458,rotate,maximized,00
40952.4901715856,rotate,maximized,00
40952.4901717593,rotate,maximized,00
40952.4901722917,rotate,maximized,00
40952.4901731944,rotate,maximized,00
40952.4902712153,rotate,maximized,00
40952.4903094444,rotate,maximized,00
40952.490362963,rotate,maximized,00
40952.4903643981,rotate,maximized,00
40952.4903681829,rotate,maximized,00
40952.4903703704,rotate,maximized,00
40952.4903709028,rotate,maximized,00
40952.4903721412,rotate,maximized,00
40952.490372581,rotate,maximized,00
40952.4903727083,rotate,maximized,00
40952.4903753704,rotate,maximized,00
40952.4903763194,rotate,maximized,00
40952.4903764931,rotate,maximized,00
40952.4903772222,rotate,maximized,00
40952.490377581,rotate,maximized,00
40952.4903787153,rotate,maximized,00
40952.4903922106,rotate,maximized,00
40952.490414294,rotate,maximized,00
40952.4904588426,rotate,maximized,00
40952.4905671528,rotate,maximized,00
40952.490576412,rotate,maximized,00
40952.4906042708,rotate,maximized,00
40952.4906066898,rotate,maximized,00
40952.4906072106,rotate,maximized,00
40952.4906073727,rotate,maximized,00
40952.4906077662,rotate,maximized,00
40952.4906128241,rotate,maximized,00
40952.490614456,rotate,maximized,00
40952.4906167824,rotate,maximized,00
40952.490616794,rotate,maximized,00
40952.4906171181,rotate,maximized,00
40952.4906227546,rotate,maximized,00
40952.4906230671,rotate,maximized,00
40952.4906247685,rotate,maximized,00
40952.4906619329,rotate,maximized,00
40952.4907201736,rotate,maximized,00
40952.4907261806,rotate,maximized,00
40952.4907263542,rotate,maximized,00
40952.4907265278,rotate,maximized,00
40952.4907269444,rotate,maximized,00
40952.4907271181,rotate,maximized,00
40952.4907273032,rotate,maximized,00
40952.4907274768,rotate,maximized,00
40952.4907276505,rotate,maximized,00
40952.490728044,rotate,maximized,00
40952.4907296412,rotate,maximized,00
40952.4907388542,rotate,maximized,00
40952.4907408333,rotate,maximized,00
40952.4907409375,resize,gesture 0.375,00
40952.4908240625,drag,gesture h:-175 v:151,00
40952.4908240625,rotate,gesture r:40,00
40952.4908410417,drag,gesture h:80 v:-151,00
40952.4908410417,rotate,gesture r:48,00
40952.4908623843,drag,gesture h:132 v:3,00
40952.4908623843,resize,gesture 0.962,00
40952.4916988542,drag,gesture h:-57 v:66,00
40952.4916988542,resize,gesture 1.041,00
40952.4919641551,minimize,double tap,00
40952.4919741088,exit,minimized button,00
40952.4922151852,drag,gesture h:299 v:-116,00
40952.4931193403,drag,gesture h:-105 v:68,00
40952.4931193403,rotate,gesture r:31,00
40952.4931312732,drag,gesture h:31 v:-47,00
40952.4931312732,rotate,gesture r:26,00
40952.4933824537,drag,gesture h:151 v:-60,00
40952.4933824653,resize,gesture 1.719,00
40952.4935292245,exit,press and hold,00
40952.4939644097,exit,press and hold,00
40952.4940497801,resize,gesture 0.993,00
40952.4941527315,minimize,blob touch,00
40952.4941958912,drag,gesture h:-43 v:294,00
40952.4944448495,resize,gesture 1.037,00
40952.4946179514,minimize,blob touch,00
40952.4946784838,drag,gesture h:84 v:255,00
40952.4947710069,drag,gesture h:35 v:4,00
40952.4951973032,exit,press and hold,00
40952.4960187269,minimize,double tap,00
40952.4960457407,exit,minimized button,00
40952.4961632755,exit,minimized button,00

Logging session 00 - user test - 2/13/2012 2:08:25 PM
40952.5891861806,drag,gesture h:131 v:106,00
40952.5893651968,drag,gesture h:177 v:-92,00
40952.5893651968,rotate,gesture r:11,00
40952.5893651968,resize,gesture 1.242,00
40952.5894049306,drag,gesture h:23 v:56,00
40952.5896656829,rotate,gesture r:10,00
40952.5899712153,maximize,size enlarge,00
40952.5899810532,drag,gesture h:171 v:-1,00
40952.5899810532,resize,gesture 1.609,00
40952.5900474421,drag,gesture h:-82 v:31,00
40952.5900474421,rotate,gesture r:28,00
40952.5900474421,resize,gesture 0.435,00
40952.590075081,resize,gesture 2.147,00
40952.5901063889,resize,gesture 0.534,00
40952.5901223843,drag,gesture h:-22 v:196,00
40952.5901223843,rotate,gesture r:3,00
40952.5901432639,maximize,size enlarge,00
40952.5901452315,drag,gesture h:131 v:-3,00
40952.5901452315,resize,gesture 2,00
40952.5901813079,drag,gesture h:-176 v:128,00
40952.5901813079,rotate,gesture r:19,00
40952.5901813079,resize,gesture 0.317,00
40952.5901932755,minimize,size reduce,00
40952.590193287,minimize,size reduce,00
40952.5901958102,drag,gesture h:-16 v:56,00
40952.5901958102,rotate,gesture r:17,00
40952.5901958102,resize,gesture 0.944,00
40952.5902630671,drag,gesture h:42 v:-129,00
40952.5903097338,drag,gesture h:-133 v:145,00
40952.5903097338,rotate,gesture r:28,00
40952.590324294,drag,gesture h:66 v:-108,00
40952.5903426852,rotate,gesture r:20,00
40952.5903750463,resize,gesture 1.666,00
40952.5904924306,drag,gesture h:34 v:-43,00
40952.5905639352,exit,press and hold,00
40952.5906284838,drag,gesture h:181 v:-132,00
40952.5906284838,rotate,gesture r:25,00
40952.5906284838,resize,gesture 1.608,00
40952.5906581134,drag,gesture h:-70 v:103,00
40952.5906581134,rotate,gesture r:9,00
40952.5923862732,minimize,double tap,00
40952.5924287153,drag,gesture h:-108 v:268,00
40952.5924287153,rotate,gesture r:14,00
40952.5924812963,minimize,double tap,00
40952.5925260995,drag,gesture h:-57 v:216,00
40952.5926784144,minimize,double tap,00
40952.5926936806,exit,minimized button,00
40952.5929133796,drag,gesture h:222 v:63,00
40952.592933044,minimize,off edge,00
40952.5929415394,rotate,gesture r:90,00
40952.5930105556,drag,gesture h:277 v:72,00
40952.5930105556,rotate,gesture r:14,00
40952.5930285995,drag,gesture h:244 v:-20,00
40952.5930442708,drag,gesture h:-84 v:77,00
40952.593055463,rotate,gesture r:16,00
40952.5930865278,drag,gesture h:-35 v:35,00
40952.5931029282,rotate,gesture r:13,00
40952.5931194213,minimize,off edge,00
40952.5931596528,drag,gesture h:247 v:200,00
40952.5931728819,drag,gesture h:133 v:-63,00
40952.5931728819,rotate,gesture r:50,00
40952.5934818634,drag,gesture h:134 v:-43,00
40952.5935139005,maximize,size enlarge,00
40952.5935140278,rotate,maximized,00
40952.5935142245,rotate,maximized,00
40952.5935144676,rotate,maximized,00
40952.5935146296,rotate,maximized,00
40952.5935147685,rotate,maximized,00
40952.5935149421,rotate,maximized,00
40952.5935151157,rotate,maximized,00
40952.5935153819,rotate,maximized,00
40952.5935154861,rotate,maximized,00
40952.5935156597,rotate,maximized,00
40952.5935158333,rotate,maximized,00
40952.5935160185,rotate,maximized,00
40952.5935162037,rotate,maximized,00
40952.5935163773,rotate,maximized,00
40952.5935166088,rotate,maximized,00
40952.5935167708,rotate,maximized,00
40952.5935169213,rotate,maximized,00
40952.5935171296,resize,gesture 2.661,00
40952.5944277199,rotate,maximized,00
40952.5944281366,rotate,maximized,00
40952.5944283449,rotate,maximized,00
40952.5944285185,rotate,maximized,00
40952.5944286921,rotate,maximized,00
40952.5944288773,rotate,maximized,00
40952.5944290394,rotate,maximized,00
40952.5944292477,rotate,maximized,00
40952.5944294097,rotate,maximized,00
40952.5944296991,rotate,maximized,00
40952.5944297801,rotate,maximized,00
40952.5944299421,rotate,maximized,00
40952.5944301852,rotate,maximized,00
40952.594430463,rotate,maximized,00
40952.5944304977,rotate,maximized,00
40952.5944306829,rotate,maximized,00
40952.5944308565,rotate,maximized,00
40952.5944310301,rotate,maximized,00
40952.5944312037,rotate,maximized,00
40952.5944313889,rotate,maximized,00
40952.5944315972,rotate,maximized,00
40952.5944320023,rotate,maximized,00
40952.5944321296,rotate,maximized,00
40952.5944323032,rotate,maximized,00
40952.5944324769,rotate,maximized,00
40952.5944326505,rotate,maximized,00
40952.5944328356,rotate,maximized,00
40952.5944330093,rotate,maximized,00
40952.5944332523,rotate,maximized,00
40952.5944334028,rotate,maximized,00
40952.5944335764,rotate,maximized,00
40952.59443375,rotate,maximized,00
40952.5944339352,rotate,maximized,00
40952.5944393519,rotate,maximized,00
40952.5944395255,rotate,maximized,00
40952.594440787,rotate,maximized,00
40952.5944413194,rotate,maximized,00
40952.5944415046,rotate,maximized,00
40952.5944416204,resize,gesture 0.375,00
40952.5944641204,drag,gesture h:-168 v:103,00
40952.5944641204,rotate,gesture r:87,00
40952.5944775347,drag,gesture h:48 v:16,00
40952.5944775347,rotate,gesture r:3,00
40952.5944940741,minimize,double tap,00
40952.594518588,drag,gesture h:-29 v:134,00
40952.594518588,rotate,gesture r:17,00
40952.5945336227,drag,gesture h:-52 v:240,00
40952.5945336227,rotate,gesture r:10,00
40952.5945521181,resize,gesture 1.489,00
40952.5947103704,minimize,blob touch,00
40952.5947486111,drag,gesture h:3 v:308,00
40952.5947486111,rotate,gesture r:4,00
40952.5952446065,drag,gesture h:-0 v:32,00
40952.5952446181,rotate,gesture r:4,00
40952.5967695486,resize,gesture 0.972,00
40952.5968052894,drag,gesture h:-66 v:41,00
40952.5968053009,rotate,gesture r:8,00
40952.5968053009,resize,gesture 1.027,00
40952.5975025347,drag,gesture h:-125 v:48,00
40952.5975025347,rotate,gesture r:160,00
40952.5975025463,resize,gesture 0.913,00
40952.5975685764,drag,gesture h:249 v:7,00
40952.5975685764,resize,gesture 0.853,00
40952.5976214815,drag,gesture h:-283 v:106,00
40952.5976214815,rotate,gesture r:129,00
40952.5976214815,resize,gesture 0.951,00
40952.597639294,rotate,gesture r:17,00
40952.597639294,resize,gesture 1.154,00
40952.5979563542,drag,gesture h:452 v:-108,00
40952.5979563542,resize,gesture 1.083,00
40952.598074375,resize,gesture 1.206,00
40952.598139919,drag,gesture h:11 v:37,00
40952.5981399306,resize,gesture 1.199,00
40952.5981542824,drag,gesture h:15 v:35,00
40952.5981542824,resize,gesture 1.168,00
40952.5981960069,drag,gesture h:41 v:58,00
40952.5981960069,rotate,gesture r:3,00
40952.5981960069,resize,gesture 0.970,00
40952.598372963,rotate,gesture r:3,00
40952.598372963,resize,gesture 0.590,00
40952.5984207407,drag,gesture h:31 v:113,00
40952.5984207407,resize,gesture 1.323,00
40952.5984501852,rotate,gesture r:8,00
40952.5984501852,resize,gesture 1.193,00
40952.5985692477,drag,gesture h:50 v:88,00
40952.5985692477,resize,gesture 0.635,00
40952.5986067593,rotate,gesture r:3,00
40952.5986563079,drag,gesture h:-14 v:34,00
40952.5986563079,resize,gesture 0.747,00
40952.5986702315,drag,gesture h:2 v:141,00
40952.5986702315,resize,gesture 1.687,00
40952.5986791088,resize,gesture 0.993,00
40952.5986917361,rotate,gesture r:4,00
40952.5986917361,resize,gesture 1.014,00
40952.5986968056,minimize,size reduce,00
40952.5986968056,drag,gesture h:-5 v:125,00
40952.5986968056,rotate,gesture r:8,00
40952.5986968056,resize,gesture 0.636,00
40952.5986968056,minimize,size reduce,00
40952.5987200694,exit,minimized button,00
40952.5987908449,resize,gesture 0.800,00
40952.598808912,resize,gesture 0.922,00
40952.5996244676,minimize,off edge,00
40952.5996827083,drag,gesture h:657 v:51,00
40952.5996827083,rotate,gesture r:10,00
40952.5996827083,resize,gesture 1.070,00
40952.5999638657,drag,gesture h:55 v:-12,00
40952.5999638657,resize,gesture 1.370,00
40952.6003859028,drag,gesture h:-16 v:30,00
40952.6004320949,drag,gesture h:-63 v:185,00
40952.6004320949,rotate,gesture r:7,00
40952.6004320949,resize,gesture 0.374,00
40952.6004620255,drag,gesture h:5 v:83,00
40952.6004853704,resize,gesture 1.084,00
40952.6005118171,minimize,size reduce,00
40952.6005118287,resize,gesture 1.007,00
40952.6005118287,minimize,size reduce,00
40952.6005268171,exit,minimized button,00
40952.6006571991,drag,gesture h:425 v:214,00
40952.6006996181,drag,gesture h:243 v:94,00
40952.6006996181,rotate,gesture r:55,00
40952.6006996181,resize,gesture 0.956,00
40952.6015176852,exit,press and hold,00
40952.6015188194,exit,press and hold,00
40952.6016255093,resize,gesture 0.895,00
40952.6018506019,minimize,double tap,00
40952.6018927894,minimize,double tap,00
40952.6019555208,drag,gesture h:-81 v:140,00
40952.6019555208,rotate,gesture r:6,00
40952.6019824074,minimize,size reduce,00
40952.6019824074,minimize,size reduce,00
40952.6019941204,drag,gesture h:-609 v:333,00
40952.6019941204,resize,gesture 0.447,00
40952.6020394329,resize,gesture 1.379,00
40952.6020614468,minimize,size reduce,00
40952.6020614583,drag,gesture h:206 v:333,00
40952.6020614583,rotate,gesture r:32,00
40952.6020614583,resize,gesture 0.700,00
40952.6020614583,minimize,size reduce,00
40952.6020995718,minimize,off edge,00
40952.6020995718,minimize,off edge,00
40952.6021065972,drag,gesture h:85 v:14,00
40952.6021266435,rotate,gesture r:49,00
40952.6021425463,minimize,size reduce,00
40952.6021425463,drag,gesture h:-32 v:34,00
40952.6021425579,minimize,size reduce,00
40952.6022008681,minimize,off edge,00
40952.6022010301,minimize,off edge,00
40952.602210625,drag,gesture h:268 v:-508,00
40952.6022170833,exit,minimized button,00
40952.6022199884,rotate,gesture r:5,00
40952.6022272454,resize,gesture 1.069,00
40952.6022491088,rotate,gesture r:16,00
40952.6022491088,resize,gesture 3.214,00
40952.602293044,resize,gesture 1.037,00
40952.6023018982,minimize,double tap,00
40952.6023462384,drag,gesture h:44 v:247,00
40952.6023549653,maximize,size enlarge,00
40952.6023552315,rotate,maximized,00
40952.6023553935,rotate,maximized,00
40952.6023555671,rotate,maximized,00
40952.6023556944,rotate,maximized,00
40952.6023573727,rotate,maximized,00
40952.6023582292,drag,gesture h:100 v:51,00
40952.6023582292,resize,gesture 1.243,00
40952.6024310417,rotate,maximized,00
40952.6024315741,rotate,maximized,00
40952.6024641551,exit,minimized button,00
40952.6034165741,rotate,maximized,00
40952.6034329282,rotate,maximized,00

Logging session 00 - user test - 2/28/2012 2:57:33 PM
40967.6233012963,rotate,gesture r:4,00
40967.6233087847,drag,gesture h:56 v:-5,00
40967.6233365856,rotate,gesture r:44,00
40967.6233501273,drag,gesture h:315 v:-120,00
40967.6233656944,drag,gesture h:-90 v:103,00
40967.6233656944,rotate,gesture r:38,00
40967.6233702199,minimize,double tap,00
40967.6233851505,exit,minimized button,00

Logging session 00 - user test - 2/28/2012 3:04:48 PM
40967.6283383912,drag,gesture h:130 v:-96,00
40967.6284159607,exit,press and hold,00

Logging session 00 - user test - 2/28/2012 3:19:40 PM
40967.6386599769,maximize,size enlarge,00
40967.6386632986,resize,gesture 2,00
40967.6386776505,resize,gesture 0.5,00
40967.6387120255,exit,press and hold,00

Logging session 00 - user test - 2/28/2012 3:25:32 PM
40967.6427421759,minimize,off edge,00
40967.6427421759,minimize,off edge,00
40967.6427500347,drag,gesture h:370 v:-95,00
40967.6427500347,resize,gesture 2.064,00
40967.6427811111,minimize,double tap,00
40967.6428005787,exit,minimized button,00

Logging session 00 - user test - 2/28/2012 3:53:04 PM
40967.6618555093,rotate,gesture r:5,00
40967.6618711227,minimize,off edge,00
40967.6618810648,drag,gesture h:-596 v:74,00
40967.6618810648,rotate,gesture r:85,00
40967.6619310185,resize,gesture 1.414,00
40967.6619624884,minimize,double tap,00
40967.6619857755,exit,minimized button,00

Logging session 00 - user test - 2/28/2012 3:54:38 PM
40967.662943588,rotate,gesture r:82,00
40967.6629661574,drag,gesture h:422 v:83,00
40967.662972662,drag,gesture h:-2 v:127,00
40967.6630240394,exit,press and hold,00

Logging session 00 - user test - 2/28/2012 4:29:06 PM
40967.6868773958,resize,gesture 1.164,00
40967.686891956,drag,gesture h:114 v:44,00
40967.686891956,rotate,gesture r:19,00
40967.686891956,resize,gesture 0.998,00
40967.6868981018,minimize,double tap,00
40967.6869175231,exit,minimized button,00
